{"cameraMode":{"drawMode":0,"name":"Shaded","section":"Shading Mode"},"sceneLighting":true,"audioPlay":false,"sceneViewState":{"showFog":true,"showMaterialUpdate":false,"showSkybox":false,"showFlares":true,"showImageEffects":true,"showParticleSystems":true},"in2DMode":false,"pivot":{"x":-0.1684436798095703,"y":0.05788016319274902,"z":1.0226445198059083},"rotation":{"x":-0.1778402179479599,"y":-0.014172873459756375,"z":0.0025610325392335655,"w":-0.9839555025100708},"size":3.4621031284332277,"orthographic":true}