{"cameraMode":{"drawMode":0,"name":"Shaded","section":"Shading Mode"},"sceneLighting":true,"audioPlay":false,"sceneViewState":{"showFog":true,"showMaterialUpdate":false,"showSkybox":true,"showFlares":true,"showImageEffects":true,"showParticleSystems":true},"in2DMode":false,"pivot":{"x":-0.1684436798095703,"y":1.5578802824020386,"z":1.0226445198059083},"rotation":{"x":-0.03618083894252777,"y":0.0781739130616188,"z":-0.002838975517079234,"w":-0.9962790012359619},"size":20.005186080932618,"orthographic":true}