{"cameraMode":{"drawMode":0,"name":"Shaded","section":"Shading Mode"},"sceneLighting":false,"audioPlay":false,"sceneViewState":{"showFog":true,"showMaterialUpdate":false,"showSkybox":false,"showFlares":true,"showImageEffects":true,"showParticleSystems":true},"in2DMode":false,"pivot":{"x":-2.384185791015625e-7,"y":0.874468207359314,"z":-0.023204326629638673},"rotation":{"x":-0.049357421696186069,"y":0.07303692400455475,"z":-0.0036138941068202259,"w":-0.9961109757423401},"size":3.9141716957092287,"orthographic":true}