{"cameraMode":{"drawMode":0,"name":"Shaded","section":"Shading Mode"},"sceneLighting":true,"audioPlay":false,"sceneViewState":{"showFog":true,"showMaterialUpdate":false,"showSkybox":false,"showFlares":true,"showImageEffects":true,"showParticleSystems":true},"in2DMode":false,"pivot":{"x":0.05738786607980728,"y":0.16093917191028596,"z":1.013657569885254},"rotation":{"x":-0.4687732756137848,"y":0.312503457069397,"z":-0.18176473677158357,"w":-0.8059511184692383},"size":0.02935485541820526,"orthographic":true}