{"cameraMode":{"drawMode":0,"name":"Shaded","section":"Shading Mode"},"sceneLighting":true,"audioPlay":false,"sceneViewState":{"showFog":true,"showMaterialUpdate":false,"showSkybox":true,"showFlares":true,"showImageEffects":true,"showParticleSystems":true},"in2DMode":false,"pivot":{"x":-22.57762908935547,"y":-4.888718605041504,"z":28.1287841796875},"rotation":{"x":-0.15798963606357575,"y":0.2699761986732483,"z":-0.04494282975792885,"w":-0.948800265789032},"size":38.484283447265628,"orthographic":true}