{"cameraMode":{"drawMode":0,"name":"Shaded","section":"Shading Mode"},"sceneLighting":true,"audioPlay":false,"sceneViewState":{"showFog":true,"showMaterialUpdate":false,"showSkybox":false,"showFlares":true,"showImageEffects":true,"showParticleSystems":true},"in2DMode":false,"pivot":{"x":488.165771484375,"y":119.02893829345703,"z":1.0226445198059083},"rotation":{"x":-0.34968847036361697,"y":0.01686977967619896,"z":-0.006297337356954813,"w":-0.9366966485977173},"size":1671.466064453125,"orthographic":false}