{"cameraMode":{"drawMode":0,"name":"Shaded","section":"Shading Mode"},"sceneLighting":true,"audioPlay":false,"sceneViewState":{"showFog":true,"showMaterialUpdate":false,"showSkybox":false,"showFlares":true,"showImageEffects":true,"showParticleSystems":true},"in2DMode":false,"pivot":{"x":458.165771484375,"y":233.02894592285157,"z":1.0226445198059083},"rotation":{"x":-0.044567614793777469,"y":0.7383925914764404,"z":-0.0490337498486042,"w":-0.6711096167564392},"size":1710.0067138671875,"orthographic":true}