{"cameraMode":{"drawMode":0,"name":"Shaded","section":"Shading Mode"},"sceneLighting":true,"audioPlay":false,"sceneViewState":{"showFog":true,"showMaterialUpdate":false,"showSkybox":false,"showFlares":true,"showImageEffects":true,"showParticleSystems":true},"in2DMode":false,"pivot":{"x":-0.1684436798095703,"y":1.5578802824020386,"z":1.0226445198059083},"rotation":{"x":-0.4967252016067505,"y":0.5015127062797546,"z":-0.4703173041343689,"w":-0.5296717882156372},"size":20.005186080932618,"orthographic":true}