{"cameraMode":{"drawMode":0,"name":"Shaded","section":"Shading Mode"},"sceneLighting":false,"audioPlay":false,"sceneViewState":{"showFog":true,"showMaterialUpdate":false,"showSkybox":false,"showFlares":true,"showImageEffects":true,"showParticleSystems":true},"in2DMode":false,"pivot":{"x":35.79865264892578,"y":-10.31289005279541,"z":29.419204711914064},"rotation":{"x":-0.40843263268470766,"y":0.19206549227237702,"z":-0.08833125978708267,"w":-0.8879863619804382},"size":21.8175106048584,"orthographic":true}