{"cameraMode":{"drawMode":0,"name":"Shaded","section":"Shading Mode"},"sceneLighting":true,"audioPlay":false,"sceneViewState":{"showFog":true,"showMaterialUpdate":false,"showSkybox":false,"showFlares":true,"showImageEffects":true,"showParticleSystems":true},"in2DMode":false,"pivot":{"x":958.334228515625,"y":539.0289306640625,"z":-1.0226445198059083},"rotation":{"x":-0.4566704034805298,"y":0.06238621100783348,"z":-0.03209468722343445,"w":-0.8869038224220276},"size":3641.17724609375,"orthographic":true}