{"cameraMode":{"drawMode":0,"name":"Shaded","section":"Shading Mode"},"sceneLighting":false,"audioPlay":false,"sceneViewState":{"showFog":true,"showMaterialUpdate":false,"showSkybox":false,"showFlares":true,"showImageEffects":true,"showParticleSystems":true},"in2DMode":false,"pivot":{"x":-2.5261216163635256,"y":-4.73716926574707,"z":19.887676239013673},"rotation":{"x":-0.19466657936573029,"y":0.40872427821159365,"z":-0.08968234807252884,"w":-0.8871824741363525},"size":22.0,"orthographic":true}