{"cameraMode":{"drawMode":0,"name":"Shaded","section":"Shading Mode"},"sceneLighting":false,"audioPlay":false,"sceneViewState":{"showFog":true,"showMaterialUpdate":false,"showSkybox":false,"showFlares":true,"showImageEffects":true,"showParticleSystems":true},"in2DMode":false,"pivot":{"x":0.08409470319747925,"y":0.5267024040222168,"z":-7.237374305725098},"rotation":{"x":0.2787431478500366,"y":-0.22717183828353883,"z":0.06799577176570893,"w":0.9306616187095642},"size":28.75465965270996,"orthographic":true}