{"cameraMode":{"drawMode":0,"name":"Shaded","section":"Shading Mode"},"sceneLighting":false,"audioPlay":false,"sceneViewState":{"showFog":true,"showMaterialUpdate":false,"showSkybox":false,"showFlares":true,"showImageEffects":true,"showParticleSystems":true},"in2DMode":false,"pivot":{"x":-7.1456451416015629,"y":0.08222302794456482,"z":-1.21535062789917},"rotation":{"x":-0.34681418538093569,"y":0.09544786065816879,"z":-0.035491012036800387,"w":-0.9324053525924683},"size":21.445608139038087,"orthographic":true}