{"cameraMode":{"drawMode":0,"name":"Shaded","section":"Shading Mode"},"sceneLighting":false,"audioPlay":false,"sceneViewState":{"showFog":true,"showMaterialUpdate":false,"showSkybox":false,"showFlares":true,"showImageEffects":true,"showParticleSystems":true},"in2DMode":false,"pivot":{"x":4.931962013244629,"y":1.9999998807907105,"z":0.2700001001358032},"rotation":{"x":-0.1375485062599182,"y":0.6999685764312744,"z":-0.1402096152305603,"w":-0.6866395473480225},"size":23.835874557495118,"orthographic":false}