{"cameraMode":{"drawMode":0,"name":"Shaded","section":"Shading Mode"},"sceneLighting":true,"audioPlay":false,"sceneViewState":{"showFog":true,"showMaterialUpdate":false,"showSkybox":false,"showFlares":true,"showImageEffects":true,"showParticleSystems":true},"in2DMode":false,"pivot":{"x":-0.012692689895629883,"y":8.085576057434082,"z":-7.578812122344971},"rotation":{"x":-0.19466657936573029,"y":0.40872427821159365,"z":-0.08968234807252884,"w":-0.8871824741363525},"size":11.667262077331543,"orthographic":true}