{"cameraMode":{"drawMode":0,"name":"Shaded","section":"Shading Mode"},"sceneLighting":true,"audioPlay":false,"sceneViewState":{"showFog":true,"showMaterialUpdate":false,"showSkybox":false,"showFlares":true,"showImageEffects":true,"showParticleSystems":true},"in2DMode":false,"pivot":{"x":0.0,"y":0.0065000057220458988,"z":1.0900001525878907},"rotation":{"x":0.030861837789416314,"y":0.9600470066070557,"z":-0.11752480268478394,"w":0.2521071434020996},"size":8.586052894592286,"orthographic":false}