{"cameraMode":{"drawMode":0,"name":"Shaded","section":"Shading Mode"},"sceneLighting":true,"audioPlay":false,"sceneViewState":{"showFog":true,"showMaterialUpdate":false,"showSkybox":true,"showFlares":true,"showImageEffects":true,"showParticleSystems":true},"in2DMode":false,"pivot":{"x":0.5210376381874085,"y":0.9246451258659363,"z":6.0678391456604},"rotation":{"x":0.27143287658691409,"y":-0.09652955085039139,"z":0.027376918122172357,"w":0.9572214484214783},"size":17.56138038635254,"orthographic":true}